date,AWND,PRCP,TMAX,TMIN,daily_consumption
12/16/2006,2.5,0,10.6,5,1209.176
12/17/2006,2.6,0,13.3,5.6,3390.46
12/18/2006,2.4,0,15,6.7,2203.826
12/19/2006,2.4,0,7.2,2.2,1666.194
12/20/2006,2.4,0,7.2,1.1,2225.748
12/21/2006,2.3,0,12.2,3.3,1716.624
12/22/2006,2.3,11.9,9.4,3.9,2341.338
12/23/2006,3,19.8,15,8.9,4773.386
12/24/2006,3.4,0,11.1,6.1,2550.012
12/25/2006,2.2,9.4,7.2,3.9,2743.12
12/26/2006,3.3,2,11.7,6.1,3934.11
12/27/2006,3.4,0,6.1,3.3,1528.76
12/28/2006,2.3,0,8.9,2.2,2072.638
12/29/2006,2.1,0,8.9,2.8,3174.392
12/30/2006,2.1,0,8.3,1.1,2789.302
12/31/2006,2.1,0,7.2,0.6,3494.196
1/1/2007,1.7,38.6,13.3,7.2,2749.004
1/2/2007,3.8,0,10,5,1269.236
1/3/2007,2.6,0,11.1,3.3,1014.054
1/4/2007,3.6,0,13.3,6.1,3259.412
1/5/2007,2.6,0.8,16.7,11.7,2713.364
1/6/2007,3.4,0.3,22.2,12.2,1508.378
1/7/2007,2.7,4.3,12.2,6.7,2447.62
1/8/2007,3.6,31.8,13.3,3.3,2241.36
1/9/2007,3.1,0,6.7,1.1,1869.054
1/10/2007,3.6,0,2.2,-1.7,2154.8
1/11/2007,2.6,0,3.3,-3.3,2255.194
1/12/2007,3.4,0.3,8.9,2.8,1461.296
1/13/2007,2.6,1.5,13.3,7.2,3186.814
1/14/2007,1.9,2.3,7.8,5,3007.816
1/15/2007,1.7,1.5,13.9,4.4,2148.678
1/16/2007,4.3,0,12.8,-5.6,1686.404
1/17/2007,2.9,0,-1.7,-7.2,2847.688
1/18/2007,1.4,2.3,2.8,-3.9,1821.462
1/19/2007,3.4,2.3,5,-0.6,1480.44
1/20/2007,5.1,0.3,0,-6.1,3133.732
1/21/2007,1.6,0,-1.7,-7.2,3407.262
1/22/2007,0.8,0,0.6,-2.8,2180.494
1/23/2007,2.8,0,2.2,-2.2,1777.64
1/24/2007,2.6,0,4.4,0,2987.854
1/25/2007,2.2,0.3,1.1,-9.4,1596.344
1/26/2007,1,0,-5.6,-12.8,1617.972
1/27/2007,1.7,0.3,5,-6.7,2044.072
1/28/2007,1.7,1.3,5,-1.1,3090.204
1/29/2007,3.9,0.3,-1.1,-6.1,1982.664
1/30/2007,2.2,2.5,1.7,-6.1,1707.798
1/31/2007,3.6,1.5,0.6,-3.9,2363.752
2/1/2007,2.4,0,1.1,-3.3,1824.76
2/2/2007,1.5,5.8,3.3,0,1667.736
2/3/2007,3.9,0,1.7,-5,4029.722
2/4/2007,4.5,0,-2.2,-8.3,3595.94
2/5/2007,5,0,-7.8,-13.3,1645.28
2/6/2007,4,0,-3.9,-11.7,1273.48
2/7/2007,3.4,0,-3.9,-11.1,2328.018
2/8/2007,3.8,0,-2.2,-10,1801.414
2/9/2007,4.8,0,0,-7.8,1620.198
2/10/2007,2.9,0,0.6,-5,2829.328
2/11/2007,2.6,0,0.6,-7.2,3571.228
2/12/2007,2.6,0,4.4,-2.2,1877.61
2/13/2007,3.6,0.8,0,-5.6,1414.546
2/14/2007,6.2,23.9,-1.7,-8.9,2498.672
2/15/2007,4.7,0,-4.4,-9.4,1985.346
2/16/2007,4.4,0,-1.7,-10,1702.528
2/17/2007,2.9,0,1.7,-7.2,2076.912
2/18/2007,3.4,0,1.1,-7.8,3829.762
2/19/2007,4.3,0,-1.1,-11.1,2186.614
2/20/2007,2.7,2.5,8.3,-1.7,3149.928
2/21/2007,1.3,0.3,9.4,3.9,2072.874
2/22/2007,2.4,5.3,7.2,2.2,3369.478
2/23/2007,5.2,0,3.9,-5.6,1313.48
2/24/2007,4.3,0,5.6,-6.7,714.922
2/25/2007,1.8,4.8,2.8,-4.4,501.74
2/26/2007,2.5,7.1,2.2,-1.1,568.484
2/27/2007,0.9,0,6.1,1.1,518.112
2/28/2007,2.2,0,7.8,1.7,520.774
3/1/2007,2,3.6,7.8,0.6,517.564
3/2/2007,3.2,61.2,14.4,1.7,515.688
3/3/2007,2.1,0,15,4.4,819.122
3/4/2007,3.9,0,4.4,0.6,2090.7
3/5/2007,4.5,0,5,-6.1,2660.332
3/6/2007,5.5,0,-6.1,-11.7,1246.5
3/7/2007,1.8,1,-5,-11.1,2375.206
3/8/2007,3.3,0,1.1,-7.8,1572.132
3/9/2007,2,0,1.7,-10.6,1272.612
3/10/2007,2.1,1.8,13.9,0,2484.712
3/11/2007,3,4.1,10,3.3,3480.636
3/12/2007,1.7,0,13.9,2.2,1950.668
3/13/2007,1.3,0,13.9,6.1,1290.144
3/14/2007,1.6,0,21.1,7.8,1793.364
3/15/2007,2.8,8.1,19.4,2.2,1884.814
3/16/2007,5.5,51.6,2.2,-3.3,1702.054
3/17/2007,3.9,0.8,3.3,-3.9,2028.09
3/18/2007,4.3,0,3.9,-2.8,2371.046
3/19/2007,2.9,0,6.1,-1.1,2152.518
3/20/2007,3.4,0,10,0.6,2086.228
3/21/2007,3,0,4.4,-3.3,2142.092
3/22/2007,2.9,0.5,19.4,4.4,1454.978
3/23/2007,1.6,2.3,16.1,10.6,1309.008
3/24/2007,2.6,0.8,12.2,5.6,2968.43
3/25/2007,2.6,0,12.2,3.3,3336.124
3/26/2007,2.6,0,12.2,3.9,1416.082
3/27/2007,2.4,0.3,25.6,10,1105.14
3/28/2007,2.6,0,18.3,7.2,2333.898
3/29/2007,2.7,0,13.9,3.3,1590.406
3/30/2007,1.7,0,20,3.9,1402.394
3/31/2007,2.2,0,15.6,6.1,3509.51
4/1/2007,2.4,1.5,10,5.6,2785.952
4/2/2007,1.9,1.5,13.3,5.6,1960.778
4/3/2007,2.1,0,17.2,5.6,1642.82
4/4/2007,3.2,21.6,5.6,4.4,2051.868
4/5/2007,4.1,0,6.7,1.1,1844.078
4/6/2007,2.4,0,5.6,-0.6,1601.14
4/7/2007,2.8,0,6.1,-0.6,1553.924
4/8/2007,3.7,0,5,-1.1,1608.816
4/9/2007,2.9,0,9.4,0,1000.92
4/10/2007,2.7,0,10.6,0.6,777.364
4/11/2007,2.1,0,10,2.2,887.482
4/12/2007,3.6,35.1,6.7,3.9,537.706
4/13/2007,4.5,0,9.4,5.6,551.022
4/14/2007,2.5,0,13.3,4.4,554.268
4/15/2007,3.2,192.3,12.8,4.4,726.164
4/16/2007,3.3,22.9,8.9,3.3,952.39
4/17/2007,4.2,1,10.6,5.6,1223.734
4/18/2007,3.3,0,10.6,5.6,998.246
4/19/2007,2.3,0.3,16.1,7.2,1028.658
4/20/2007,2.4,0,21.7,6.7,822.58
4/21/2007,1,0,26.1,7.2,1673.656
4/22/2007,1.4,0,25.6,12.8,2233.714
4/23/2007,2.8,0,30,14.4,1054.566
4/24/2007,2.7,0,24.4,14.4,1032.1
4/25/2007,3.1,3.6,19.4,8.3,1264.162
4/26/2007,2.1,0,16.1,7.8,1275.466
4/27/2007,1.4,51.8,13.3,8.3,1094.332
4/28/2007,1.8,0,21.7,12.2,22.738
4/30/2007,3.3,0,26.7,11.1,420.822
5/1/2007,1.6,8.1,21.7,10.6,1663.858
5/2/2007,1.7,2.5,20,10,1003.486
5/3/2007,1.3,0,22.2,10.6,1090.238
5/4/2007,1.7,0,21.7,10,998.128
5/5/2007,2,0,22.8,10.6,1563.052
5/6/2007,3.3,0,17.2,7.8,2102.104
5/7/2007,1.8,0,19.4,6.7,1643.664
5/8/2007,1.1,0,22.2,8.3,1789.292
5/9/2007,2.2,0,28.3,13.9,1665.736
5/10/2007,2,0,25,16.1,707.884
5/11/2007,0.8,4.8,25,15.6,979.154
5/12/2007,2.5,4.6,23.3,11.7,1441.566
5/13/2007,3,0,20,9.4,1634.738
5/14/2007,2.5,0,21.1,9.4,1467.782
5/15/2007,3.3,0,28.9,13.3,904.392
5/16/2007,2.6,21.1,29.4,15,1692.944
5/17/2007,2,0,20.6,12.2,1231.816
5/18/2007,3.2,0,12.2,8.9,1631.53
5/19/2007,1.7,5.3,13.9,10,1429.442
5/20/2007,2.9,0.5,23.9,10.6,1968.328
5/21/2007,1.8,0,21.7,11.7,1120.062
5/22/2007,1.8,0,24.4,11.7,1132.852
5/23/2007,1.6,0,23.3,12.8,1464.936
5/24/2007,2.8,0,28.9,14.4,1154.388
5/25/2007,2,0,32.2,17.8,1614.22
5/26/2007,1.8,0,29.4,21.7,1512.248
5/27/2007,1.5,0.8,30,18.9,2153.808
5/28/2007,1.8,0,28.3,19.4,1637.468
5/29/2007,1.3,0,26.7,16.1,1061.34
5/30/2007,0.8,0,28.9,16.1,1609.866
5/31/2007,2,0,32.8,17.8,938.55
6/1/2007,1.3,0,31.1,17.8,1044.918
6/2/2007,1.7,0,31.7,21.7,1484.362
6/3/2007,2.1,41.1,26.1,17.2,2108.026
6/4/2007,2.4,58.2,21.1,15.6,911.618
6/5/2007,2.7,0,27.2,18.9,1458.892
6/6/2007,2.2,0,21.7,13.3,1693.638
6/7/2007,0.9,0,23.9,12.2,985.002
6/8/2007,1.1,0,29.4,17.8,2148.046
6/9/2007,2.6,0.3,27.8,18.3,1059.814
6/10/2007,1,0,22.2,16.7,1340.812
6/11/2007,1.9,0.8,28.9,17.2,794.654
6/12/2007,1,30,28.3,18.3,918.766
6/13/2007,3.1,0,18.9,13.9,927.272
6/14/2007,2.4,0,17.8,13.3,1259.084
6/15/2007,1.6,0,23.3,15,989.604
6/16/2007,1.3,1,27.2,15.6,2017.762
6/17/2007,1.7,0,30,18.9,1947.09
6/18/2007,1.8,0,28.9,20,678.474
6/19/2007,1.6,8.4,26.7,18.9,842.36
6/20/2007,2.1,3.6,25.6,19.4,1074.286
6/21/2007,2.1,4.6,26.7,15.6,806.946
6/22/2007,2.9,0,23.3,16.1,566.294
6/23/2007,2,0,23.3,13.3,477.566
6/24/2007,1.4,0,27.2,13.9,714.656
6/25/2007,1.8,0,26.7,19.4,1072.202
6/26/2007,2,0,32.8,22.2,944.908
6/27/2007,1.7,17.5,32.2,21.1,1480.826
6/28/2007,2.3,0.8,30.6,21.1,1295.438
6/29/2007,1.2,0,25,19.4,1304.198
6/30/2007,1.3,0.3,27.2,17.2,1335.314
7/1/2007,2.3,0,23.3,16.1,1026.664
7/2/2007,1.3,0,23.3,13.9,967.032
7/3/2007,1.4,0,26.7,15.6,1059.912
7/4/2007,2.6,1.8,21.7,18.3,1003.41
7/5/2007,2.1,33,25.6,19.4,1057.29
7/6/2007,1.2,0.8,28.3,19.4,1069.524
7/7/2007,1.7,0,29.4,19.4,1358.206
7/8/2007,2.3,0,31.7,21.7,1089.08
7/9/2007,1.7,0,33.3,24.4,1180.158
7/10/2007,1.6,0,33.3,23.3,908.324
7/11/2007,1.5,25.7,29.4,21.1,722.352
7/12/2007,2.2,0,26.7,18.9,1069.582
7/13/2007,1.7,0,27.2,20.6,794.382
7/14/2007,1.3,0,28.9,18.9,1288.17
7/15/2007,2.1,0.3,31.1,22.2,917.024
7/16/2007,1.6,0,27.8,21.7,853.674
7/17/2007,0.9,0,31.1,20.6,719.632
7/18/2007,1.4,40.4,25.6,20.6,757.082
7/19/2007,1.5,4.8,28.3,21.1,677.886
7/20/2007,3,0,25.6,19.4,1110.422
7/21/2007,2.4,0,27.8,17.2,1060.248
7/22/2007,2.2,0,28.3,20,1375.774
7/23/2007,3.5,58.7,22.2,15.6,991.018
7/24/2007,1.6,0,27.2,14.4,825.284
7/25/2007,0.9,0,28.3,19.4,472.56
7/26/2007,1.2,0,29.4,21.7,924.5
7/27/2007,1.6,0,28.9,21.7,1202.514
7/28/2007,1.3,0,28.9,21.7,1621.862
7/29/2007,0.9,9.7,26.7,22.2,321.116
7/30/2007,0.9,0,30,21.1,466.816
7/31/2007,1.1,0,30.6,22.2,812.332
8/1/2007,1.2,0,32.2,21.7,1060.338
8/2/2007,1.3,0,33.3,23.9,1019.416
8/3/2007,2,29.2,32.2,18.9,1063.364
8/4/2007,1.3,0.3,31.7,20.6,1144.99
8/5/2007,2.5,0,29.4,21.1,787.098
8/6/2007,1.4,0,28.3,22.2,1089.72
8/7/2007,0.7,0,31.7,23.9,1483.58
8/8/2007,2.4,63.5,32.2,22.8,1125.482
8/9/2007,2,0,28.3,22.2,1071.68
8/10/2007,3.2,32.5,22.2,13.9,1028.01
8/11/2007,1.5,0,27.2,13.9,1091.65
8/12/2007,1,0,29.4,20,1241.904
8/13/2007,2.3,1,28.9,21.1,1153.012
8/14/2007,1.3,0,27.2,18.3,941.19
8/15/2007,2.3,0,28.9,19.4,1191.86
8/16/2007,1.2,0.3,28.3,23.3,958.496
8/17/2007,1.4,18.8,29.4,16.7,1009.892
8/18/2007,2.6,0,23.3,15,347.96
8/19/2007,0.5,3,21.7,15.6,1422.294
8/20/2007,3.1,1.5,20.6,14.4,1338.842
8/21/2007,3.4,32.3,15,13.3,642.556
8/22/2007,1.6,0,18.3,13.3,1209.808
8/23/2007,0.6,0,23.9,16.7,1112.312
8/24/2007,1,0,28.3,18.9,1656.214
8/25/2007,1.3,0,30.6,22.8,1150.88
8/26/2007,1.6,0,26.7,22.2,1314.906
8/27/2007,1.9,0,28.3,19.4,1211.73
8/28/2007,0.6,0,28.3,20,997.004
8/29/2007,0.9,0,29.4,19.4,747.992
8/30/2007,1,0,30,21.1,1202.458
8/31/2007,2.2,0,25.6,20.6,1279.822
9/1/2007,3,0,26.1,17.8,1701.486
9/2/2007,1.3,0,25.6,14.4,1662.468
9/3/2007,2.4,0,27.8,17.8,1038.922
9/4/2007,1.8,0,28.3,20.6,1584.944
9/5/2007,1.3,0,26.1,18.3,1236.572
9/6/2007,1.3,0,26.7,19.4,901.474
9/7/2007,2.2,0,30,21.1,1336.496
9/8/2007,2.3,0,31.1,21.7,1469.752
9/9/2007,2,0,29.4,21.7,1679.502
9/10/2007,1.4,3.3,26.1,22.8,1117.376
9/11/2007,2.1,30.7,23.3,20.6,983.572
9/12/2007,2.4,0,23.9,16.7,1287.764
9/13/2007,0.8,0,23.3,14.4,1146.382
9/14/2007,1.5,0,23.3,17.8,1135.47
9/15/2007,2.3,2,20.6,12.8,1095.312
9/16/2007,1.1,0,18.9,10,1652.224
9/17/2007,1.5,0,20.6,10.6,1461.186
9/18/2007,1.5,0,21.1,11.7,1167.52
9/19/2007,0.8,0,24.4,13.3,1298.684
9/20/2007,0.8,0,27.8,15.6,1255.532
9/21/2007,0.8,0,27.8,17.2,1238.78
9/22/2007,0.6,7.9,23.9,18.3,1176.172
9/23/2007,1.3,0,25.6,16.7,1417.97
9/24/2007,1.3,0,26.1,14.4,1354.53
9/25/2007,2.5,0,29.4,17.2,1764.342
9/26/2007,2.3,0,30.6,20.6,1822.264
9/27/2007,1.7,0,27.8,21.7,1392.6
9/28/2007,2.1,2,24.4,16.1,1680.498
9/29/2007,2.2,0,24.4,14.4,2296.522
9/30/2007,1.6,0,22.2,13.3,1516.29
10/1/2007,1.2,0,20.6,15,1720.922
10/2/2007,1.6,0,23.9,14.4,2198.864
10/3/2007,1,0.8,25.6,18.3,1280.454
10/4/2007,0.8,0,28.9,20.6,1518.458
10/5/2007,0.7,0,28.3,19.4,1394.092
10/6/2007,1.1,0,28.3,18.9,1756.24
10/7/2007,1.7,0,27.8,19.4,2106.114
10/8/2007,1.9,0,30.6,19.4,1095.242
10/9/2007,2.6,13.2,26.1,15.6,1687.858
10/10/2007,1.7,4.1,20.6,16.1,1166.972
10/11/2007,2.7,37.6,19.4,15,1732.446
10/12/2007,3.5,2,15.6,8.9,1914.504
10/13/2007,2,0,17.2,7.2,1926.728
10/14/2007,2.1,0,18.9,9.4,2061.252
10/15/2007,1.2,0,19.4,9.4,1266.33
10/16/2007,0.3,0,21.1,13.3,1964.442
10/17/2007,0.5,0,22.8,14.4,1576.93
10/18/2007,1.2,0,25,17.2,1518.53
10/19/2007,1.9,9.7,22.8,18.3,2085.648
10/20/2007,2.6,0.8,21.1,15.6,1660.246
10/21/2007,2.1,0,23.3,13.3,1941.94
10/22/2007,2,0,24.4,15,1652.896
10/23/2007,2.7,0.3,25.6,18.9,1954.648
10/24/2007,2.1,4.1,19.4,11.1,1865.636
10/25/2007,3.3,3.6,13.9,9.4,1853.918
10/26/2007,3.3,11.7,14.4,11.1,1437.568
10/27/2007,2.5,30.5,19.4,13.3,1785.688
10/28/2007,3,0,13.3,6.1,512.158
10/29/2007,1.3,0,11.7,3.3,545.428
10/30/2007,1.3,0,16.7,7.8,811.008
10/31/2007,2,0,17.8,9.4,1283.21
11/1/2007,0,0,18.9,10,496.216
11/2/2007,3.9,0,12.8,7.2,1443.602
11/3/2007,4.2,0,10.6,7.2,492.55
11/4/2007,1.8,0,13.3,7.2,1485.686
11/5/2007,1.9,0,13.9,6.7,1500.592
11/6/2007,2.9,13.2,13.3,6.1,2082.378
11/7/2007,2.3,0,9.4,3.9,1844.758
11/8/2007,0.6,0,7.8,1.7,1501.06
11/9/2007,1.5,10.4,6.7,3.9,2171.226
11/10/2007,2.4,3.3,7.8,2.8,2611.6
11/11/2007,1.6,0,7.8,-0.6,1887.124
11/12/2007,1.1,2.8,10,3.3,2156.146
11/13/2007,1.3,5.6,15,8.3,2214.398
11/14/2007,1,0,14.4,7.2,2047.994
11/15/2007,2.5,9.7,17.2,6.1,1491.988
11/16/2007,4.4,0,8.3,2.8,2309.754
11/17/2007,2.2,0,7.8,1.7,2610.094
11/18/2007,3.1,0,6.7,3.9,2183.858
11/19/2007,3.4,6.9,6.7,1.1,1723.654
11/20/2007,1.8,2.8,8.9,4.4,2095.856
11/21/2007,0.8,0,14.4,6.1,1751.836
11/22/2007,2.1,0.8,18.9,4.4,1932.378
11/23/2007,3.4,0,4.4,-1.1,2522.618
11/24/2007,1.7,0,3.9,-3.3,1899.054
11/25/2007,1.8,0,9.4,1.1,1395.598
11/26/2007,1,31.8,16.7,4.4,1569.716
11/27/2007,3.5,0.8,17.8,6.1,2801.012
11/28/2007,2.1,0,7.2,1.7,1644.94
11/29/2007,2.8,0.3,10.6,5,1719.23
11/30/2007,2.6,0,5.6,1.7,2331.728
12/1/2007,3.2,0,3.3,-3.9,3134.942
12/2/2007,1.4,8.4,2.2,-6.7,2946.188
12/3/2007,4.3,7.9,8.3,0,1762.06
12/4/2007,4.4,0,1.1,-2.2,2067.636
12/5/2007,1.9,0.5,0.6,-2.2,2153.12
12/6/2007,2.1,0,0.6,-6.1,2487.934
12/7/2007,1.6,0,1.7,-2.2,1769.016
12/8/2007,1.9,0,6.7,1.1,2213.404
12/9/2007,0.6,8.1,4.4,1.1,2274.584
12/10/2007,1.4,2,4.4,2.8,1758.754
12/11/2007,1.7,0.3,7.2,1.7,2305.104
12/12/2007,3,0,11.1,1.1,1588.062
12/13/2007,2.8,25.9,2.2,-1.7,1847.746
12/14/2007,1.4,0,5.6,-0.6,1974.808
12/15/2007,3.4,0.3,2.2,-1.7,2736.876
12/16/2007,5.7,21.3,3.3,-1.7,2762.218
12/17/2007,5.4,0,0.6,-3.3,1797.066
12/18/2007,2.3,0,2.8,-1.7,2623.194
12/19/2007,1.1,2,6.1,1.1,2196.052
12/20/2007,2.3,0,6.7,1.7,1949.758
12/21/2007,4.2,0,3.9,2.2,1982.576
12/22/2007,3.8,0,5,1.7,2611.264
12/23/2007,2.9,18,16.1,5,2409.048
12/24/2007,3.5,0,10,2.8,2257.848
12/25/2007,2.4,0,6.1,1.7,2694.968
12/26/2007,2.8,13,3.9,0,2580.28
12/27/2007,2,1.3,6.1,2.2,2532.198
12/28/2007,2.1,0.5,9.4,4.4,3113.052
12/29/2007,2.4,14.5,10.6,5.6,3298.956
12/30/2007,1.8,3,6.1,1.7,2558.916
12/31/2007,2.8,5.6,6.7,1.7,2216.542
1/1/2008,2.9,4.3,8.3,2.8,2759.738
1/2/2008,4.1,0,3.3,-8.3,1644.106
1/3/2008,2.9,0,-6.7,-11.1,1510.108
1/4/2008,2.5,0,2.2,-8.9,2291.852
1/5/2008,1.6,1.5,6.1,0,2183.248
1/6/2008,0.8,0.3,10,2.2,1825.184
1/7/2008,1.9,0,16.7,7.2,1695.814
1/8/2008,3,0,17.8,11.7,2043.55
1/9/2008,3.8,0.8,17.8,8.3,1788.44
1/10/2008,1.6,0.3,10,5,1894.076
1/11/2008,2.3,32.8,13.3,4.4,1705.818
1/12/2008,2,0,9.4,5.6,2871.408
1/13/2008,3.6,7.6,7.2,2.2,2881.656
1/14/2008,2.9,4.6,3.9,1.1,2024.932
1/15/2008,3.7,0,3.3,0,2686.912
1/16/2008,3.4,0,3.9,-1.7,2135.852
1/17/2008,2.6,6.4,3.9,-1.1,1572.282
1/18/2008,4,11.7,8.9,1.7,2186.988
1/19/2008,0,0,2.8,0,1980.306
1/20/2008,4.9,0,1.1,-8.3,1740.368
1/21/2008,3.6,0,-3.3,-9.4,1858.998
1/22/2008,3.1,0,3.9,-5,2325.018
1/23/2008,3.6,0,4.4,-1.1,1882.308
1/24/2008,2.3,0,1.1,-4.4,1645.022
1/25/2008,3.7,0,0.6,-6.1,2239.856
1/26/2008,1.7,0,1.1,-3.9,2834.988
1/27/2008,3.2,0,3.9,-1.1,2381.766
1/28/2008,3,0,5.6,-2.8,2308.196
1/29/2008,1.7,0.3,6.1,-1.1,2676.024
1/30/2008,4.6,2,9.4,0,1640.646
1/31/2008,3.1,0,3.3,-2.2,1953.922
2/1/2008,5.3,41.4,11.7,0,1534.652
2/2/2008,4,0,6.1,1.7,2936.034
2/3/2008,1.1,0,9.4,0.6,2084.568
2/4/2008,3.5,1.8,5.6,1.1,1628.138
2/5/2008,2.5,1.3,11.1,3.3,2472.456
2/6/2008,2.4,1,20,5,1669.54
2/7/2008,3,1.3,9.4,3.3,1518.31
2/8/2008,2.2,0,7.2,1.7,1950.564
2/9/2008,2.2,1.5,6.7,2.8,2102.276
2/10/2008,5.3,0,6.7,-9.4,2184.714
2/11/2008,5.7,0,-4.4,-12.2,1692.016
2/12/2008,2.2,14,-0.6,-8.3,1987.798
2/13/2008,2.7,49.3,12.2,-0.6,1900.498
2/14/2008,3.4,0,4.4,-2.2,1604.622
2/15/2008,3.6,0,8.3,-0.6,2005.208
2/16/2008,2.6,0,1.1,-5,2346.948
2/17/2008,3.5,5.8,11.7,-1.1,1933.368
2/18/2008,3.9,6.9,17.8,4.4,1514.404
2/19/2008,4.3,0,5,-2.2,2126.916
2/20/2008,3.3,0,0,-4.4,2253.79
2/21/2008,2.9,0,0.6,-6.7,1633.85
2/22/2008,2.7,17.8,1.1,-3.9,1732.564
2/23/2008,2,0.3,1.1,-2.2,1833.97
2/24/2008,2.2,0,3.9,-4.4,1263.008
2/25/2008,2.4,0,8.9,0,504.488
2/26/2008,1.9,5.3,8.3,3.3,507.12
2/27/2008,4.7,0,6.7,-5.6,566.72
2/28/2008,4.8,0,-2.2,-7.8,509.184
2/29/2008,3.2,3.6,1.7,-8.3,1333.348
3/1/2008,4.1,3.6,7.8,0.6,1141.876
3/2/2008,4.1,0,6.1,-2.2,1162.226
3/3/2008,2.7,0,12.8,2.2,1040.55
3/4/2008,3,4.8,17.2,7.2,1668.99
3/5/2008,4.7,7.6,13.9,2.8,2037.208
3/6/2008,2.5,0,9.4,1.1,2503.208
3/7/2008,3.5,30.7,7.2,2.2,1862.956
3/8/2008,3.6,19.1,13.9,2.2,2248.66
3/9/2008,5.4,0,5.6,-1.1,1560.458
3/10/2008,3.4,0,7.2,-2.8,1618.686
3/11/2008,2.4,0,9.4,1.7,2200.042
3/12/2008,4.1,0,8.3,1.7,1774.232
3/13/2008,2.4,0,7.2,-0.6,1675.514
3/14/2008,2.8,0.5,13.3,4.4,2210.22
3/15/2008,3.8,2.8,13.3,5,1576.3
3/16/2008,3.4,1,8.3,1.7,1801.96
3/17/2008,3.8,0,10,-1.1,1706.918
3/18/2008,3.4,0,6.7,1.7,1917.566
3/19/2008,2.7,24.1,11.7,5,1308.448
3/20/2008,5.5,5.6,14.4,2.2,1253.274
3/21/2008,5.6,0,7.2,0.6,2066.442
3/22/2008,3.2,0,10,1.1,2053.516
3/23/2008,2.6,0,8.9,-1.1,2325.99
3/24/2008,2.9,0,10,0.6,1974.668
3/25/2008,3.6,0,8.9,-0.6,2015.856
3/26/2008,3.1,0,16.1,6.1,1633.472
3/27/2008,1.1,0,9.4,6.7,1370.822
3/28/2008,3.5,0.3,8.9,3.3,1885.424
3/29/2008,4.1,0,8.3,0.6,2471.15
3/30/2008,2.8,0,9.4,-2.2,2146.392
3/31/2008,3.2,3.6,13.9,2.8,1377.57
4/1/2008,3.8,7.6,19.4,12.2,2129.052
4/2/2008,4.7,0,12.2,2.8,1691.672
4/3/2008,2.1,1.3,10,0.6,1128.756
4/4/2008,2.7,16,11.7,5.6,1631.918
4/5/2008,2.9,2,15,10,1970.762
4/6/2008,5.9,0,10.6,5.6,1696.318
4/7/2008,4.8,0,10.6,5,1538.838
4/8/2008,3.9,0,14.4,5,2657.516
4/9/2008,2.1,0.5,14.4,4.4,1218.852
4/10/2008,1.6,0,23.9,8.9,1477.746
4/11/2008,3,2,16.1,9.4,1877.664
4/12/2008,2.2,8.6,24.4,8.9,2800.014
4/13/2008,3.8,0,13.3,6.1,2232.986
4/14/2008,2.8,0,14.4,3.3,1589.582
4/15/2008,2.4,0,16.1,5.6,1670.406
4/16/2008,2.1,0,20,7.2,1489.064
4/17/2008,1.7,0,22.8,7.8,1395.862
4/18/2008,1.4,0,28.9,10.6,1862.39
4/19/2008,3.2,0,23.3,11.1,2253.71
4/20/2008,4.4,0,17.8,9.4,1791.418
4/21/2008,5.1,0,17.2,8.3,1164.156
4/22/2008,2.7,0,22.2,8.9,1627.676
4/23/2008,2,0,25.6,11.7,1357.328
4/24/2008,2.5,0,26.1,17.2,1043.772
4/25/2008,2.5,0,21.7,13.3,1267.734
4/26/2008,3.4,0.3,17.8,10.6,903.166
4/27/2008,1.9,1,13.3,8.3,1008.24
4/28/2008,3.1,30,14.4,8.3,659.052
4/29/2008,3.1,1,13.9,7.8,1972.616
4/30/2008,2.9,0,13.9,5.6,1101.726
5/1/2008,2.6,1.5,15.6,6.7,576.014
5/2/2008,4.3,3.8,12.2,9.4,1497.768
5/3/2008,5.5,0,14.4,8.3,1289.6
5/4/2008,2.3,0.8,21.7,8.9,1470.97
5/5/2008,2.2,0,22.8,10,1366.932
5/6/2008,1.2,0,26.1,10.6,1789.98
5/7/2008,2.3,0,24.4,13.3,1176.264
5/8/2008,2.8,0.8,22.8,17.2,2116.698
5/9/2008,5,32.3,17.8,8.9,1747.272
5/10/2008,1.9,0,18.9,8.9,1909.128
5/11/2008,3.3,0,16.7,9.4,1610.92
5/12/2008,6.5,8.4,12.2,7.2,1524.204
5/13/2008,3.5,0,22.2,10,1476.894
5/14/2008,2.4,0,24.4,10,1584.262
5/15/2008,1.5,0,23.9,11.7,1162.768
5/16/2008,3.9,24.1,16.7,9.4,1648.03
5/17/2008,2.9,1,22.2,8.3,1657.454
5/18/2008,2.1,3.8,18.9,11.1,1803.958
5/19/2008,3.4,0,15,9.4,1030.262
5/20/2008,2.2,11.4,13.3,8.9,1581.334
5/21/2008,1.8,0,20,8.3,1324.112
5/22/2008,2.9,2,15.6,8.3,976.868
5/23/2008,3.6,0,20.6,9.4,1484.916
5/24/2008,2.1,0,21.7,11.7,1580.176
5/25/2008,2.1,0,25,11.7,2048.504
5/26/2008,3.1,0,26.7,14.4,1289.71
5/27/2008,3.1,5.8,28.3,15.6,1708.7
5/28/2008,3,0,20,11.7,1114.372
5/29/2008,2.3,0,23.9,10,1135.076
5/30/2008,2.1,0,27.8,14.4,1397.244
5/31/2008,2.6,6.1,24.4,17.8,1641.47
6/1/2008,2.8,0,27.8,18.3,1848.876
6/2/2008,2.7,0,26.7,15.6,1074.012
6/3/2008,1.9,0,28.9,17.8,1597.816
6/4/2008,2.2,17,21.7,13.9,1588.912
6/5/2008,2.6,0.3,23.3,16.1,1120.078
6/6/2008,2,0,23.3,15,1217.714
6/7/2008,1.8,0,34.4,16.1,1882.484
6/8/2008,2.1,2.5,33.9,23.3,1542.322
6/9/2008,2.7,0,35.6,24.4,1325.698
6/10/2008,2.1,1,35.6,20.6,1067.09
6/11/2008,2,0,29.4,21.1,1123.206
6/12/2008,2.2,0,29.4,20.6,1259.332
6/13/2008,2.1,0,28.3,18.9,1874.28
6/14/2008,1.4,51.1,31.7,20,1384.92
6/15/2008,1.6,2,28.3,18.3,2289.102
6/16/2008,1.7,5.3,25.6,16.1,1303.044
6/17/2008,2.7,0,23.9,16.1,1145.084
6/18/2008,1.6,1.8,22.8,13.9,1893.608
6/19/2008,1.8,0,24.4,13.9,1588.082
6/20/2008,1.6,5.1,26.1,16.1,1676.104
6/21/2008,1.4,0,28.3,15.6,1734.254
6/22/2008,2.7,1.3,26.1,20.6,1566.416
6/23/2008,1.2,1.5,26.1,20.6,1251.796
6/24/2008,2.6,2.5,26.7,17.8,1754.452
6/25/2008,2.5,0,28.3,17.2,1261.77
6/26/2008,2.2,0.8,27.2,21.7,1056.02
6/27/2008,1.7,0,28.3,22.8,1755.152
6/28/2008,1.2,11.9,31.7,22.2,1208.8
6/29/2008,2.1,15,31.1,21.1,749.352
6/30/2008,2,0.3,28.3,21.1,804.196
7/1/2008,2.1,0,29.4,21.1,1215.24
7/2/2008,2.1,0,29.4,19.4,1147.202
7/3/2008,3,0,31.7,21.7,1098.36
7/4/2008,1.2,8.1,25.6,20.6,942.02
7/5/2008,1.1,6.4,23.3,20,1469.088
7/6/2008,2,0,26.1,20,1805.064
7/7/2008,1.6,0,27.8,21.1,983.39
7/8/2008,2.9,0,31.7,22.8,1126.214
7/9/2008,2.8,1.3,29.4,23.3,919.318
7/10/2008,2.6,0,29.4,21.7,1251.276
7/11/2008,1.9,0,30.6,18.9,1254.216
7/12/2008,2.4,0,29.4,21.7,1328.852
7/13/2008,3.2,0,28.9,21.7,1253.754
7/14/2008,1.4,11.9,27.2,19.4,1137.926
7/15/2008,1.6,0,31.7,21.1,1155.86
7/16/2008,1.4,0,33.3,21.1,1077.062
7/17/2008,1.5,0,33.9,22.2,1319.122
7/18/2008,2.1,0,34.4,23.3,1261.584
7/19/2008,2.8,0,35.6,25.6,1344.014
7/20/2008,3.1,0.3,34.4,23.9,941.534
7/21/2008,2.5,0.3,33.3,22.8,1156.478
7/22/2008,2.8,0.3,30.6,22.8,740.242
7/23/2008,2.2,25.4,26.7,20.6,942.63
7/24/2008,2.9,16.8,27.2,20.6,1093.45
7/25/2008,1.6,0,30,18.9,865.534
7/26/2008,2.6,0,30.6,21.7,815.684
7/27/2008,2.1,1.5,28.3,19.4,1147.396
7/28/2008,1.1,0,30,18.9,825.804
7/29/2008,1.9,0,31.7,22.2,1166.558
7/30/2008,1.7,0,30.6,22.2,1299.908
7/31/2008,1.8,0,31.7,23.9,1392.638
8/1/2008,1.5,0,32.2,23.3,739.576
8/2/2008,1.4,13,27.2,19.4,505.776
8/3/2008,2.7,0,28.9,17.8,504.782
8/4/2008,2.6,0,29.4,20,1125.92
8/5/2008,2.2,1,30,20.6,827.118
8/6/2008,2.4,8.4,30.6,21.1,326.112
8/7/2008,1.9,2,30,18.9,334.884
8/8/2008,2.2,4.3,26.7,17.8,302.2
8/9/2008,1.9,0,27.2,17.2,358.924
8/10/2008,2.1,1,27.2,18.3,352.032
8/11/2008,1.9,30,22.8,15,371.916
8/12/2008,2.5,0,27.8,15.6,288.984
8/13/2008,1.6,0,28.3,17.8,282.584
8/14/2008,1.4,12.7,30,17.8,270.258
8/15/2008,1,14,26.7,17.8,273.654
8/16/2008,1.4,0,27.2,17.2,274.814
8/17/2008,2,0,28.3,18.3,274.796
8/18/2008,2.8,0,30.6,21.1,273.758
8/19/2008,2.9,0,28.3,18.3,274.692
8/20/2008,1.9,0,25.6,14.4,268.472
8/21/2008,1.5,0,27.8,16.7,261.298
8/22/2008,1.4,0,28.3,18.9,267.124
8/23/2008,1.7,0,27.2,18.9,254.642
8/24/2008,2.2,0,27.8,20,254.716
8/25/2008,2.6,0,29.4,19.4,250.298
8/26/2008,2.7,0,26.7,16.1,257.564
8/27/2008,2.3,0,26.1,16.1,258.114
8/28/2008,1.8,0,28.9,17.2,268.246
8/29/2008,2.2,0,27.2,19.4,267.588
8/30/2008,1.1,55.4,28.3,19.4,270.424
8/31/2008,1.7,0,28.9,18.3,1500.614
9/1/2008,1.8,0,28.9,17.8,1247.51
9/2/2008,2.2,0,31.1,20,1384.154
9/3/2008,2.2,0,28.3,20,1388.486
9/4/2008,2.1,0,32.2,21.1,1225.22
9/5/2008,3,7.1,30,22.2,873.96
9/6/2008,3.4,82.8,27.2,21.1,1868.574
9/7/2008,3,0,26.7,19.4,1372.656
9/8/2008,1.7,0,27.2,17.8,1309.324
9/9/2008,2.2,11.4,23.9,18.3,1159.654
9/10/2008,2.4,0,22.8,15,1300.764
9/11/2008,2,0,22.2,16.1,1028.714
9/12/2008,2.2,9.9,21.1,17.2,1392.762
9/13/2008,0.7,0,27.2,18.3,1631.436
9/14/2008,2.2,0,31.1,21.1,1576.326
9/15/2008,3.5,0,28.3,18.3,1697.708
9/16/2008,1.8,0,21.1,16.1,1221.862
9/17/2008,1,0,23.3,13.9,1519.21
9/18/2008,3.3,0,22.8,15,1505.29
9/19/2008,3.9,0,18.9,11.1,1518.846
9/20/2008,1.6,0,20.6,10.6,1304.6
9/21/2008,1,0,26.7,13.3,1533.07
9/22/2008,3.2,0,23.3,15.6,1358.564
9/23/2008,2.5,0,21.1,12.2,1232.788
9/24/2008,2.6,0,20.6,12.8,1718.35
9/25/2008,5.2,3.8,18.3,12.8,1131.22
9/26/2008,5.1,59.4,18.9,13.3,1431.45
9/27/2008,3,0.3,20.6,17.2,2127.446
9/28/2008,0.8,4.3,21.7,18.9,1731.104
9/29/2008,2.1,0,23.3,16.1,1501.738
9/30/2008,0.9,0,20.6,15,1375.006
10/1/2008,1.4,7.6,21.7,13.9,1872.364
10/2/2008,3.3,0,16.7,11.1,1345.342
10/3/2008,2.6,0,16.7,10.6,1612.58
10/4/2008,1.5,0,16.1,8.3,2100.496
10/5/2008,1.9,8.1,16.7,11.1,1549.95
10/6/2008,2.3,0,17.8,8.3,1423.782
10/7/2008,1.4,0,17.2,6.7,1726.568
10/8/2008,1.9,0.3,17.8,8.3,1860.576
10/9/2008,2.8,1,23.9,14.4,1983.682
10/10/2008,1.4,0,22.2,14.4,1518.338
10/11/2008,1.3,0,20.6,11.1,1669.386
10/12/2008,1.4,0,21.1,11.7,1907.94
10/13/2008,1.6,0,23.3,14.4,1461.976
10/14/2008,1.8,0,20,14.4,1609.056
10/15/2008,1,0,21.1,13.9,2156.896
10/16/2008,2.4,0,23.9,12.8,1583.68
10/17/2008,3,0,15.6,10,1866.886
10/18/2008,4,0,14.4,6.1,2239.19
10/19/2008,3.6,0,12.8,5.6,1971.934
10/20/2008,2.1,0,15.6,5,1667.554
10/21/2008,3.8,0.3,16.1,7.2,2063.716
10/22/2008,4.3,0,11.7,5,1646.01
10/23/2008,2.3,0,11.7,4.4,1830.494
10/24/2008,1.4,0,13.9,3.9,2133.226
10/25/2008,3.8,23.9,18.3,11.7,1523.156
10/26/2008,2.4,0,16.7,8.9,523.492
10/27/2008,1.9,2,17.8,7.8,523.892
10/28/2008,5,48.8,8.3,3.9,1327.29
10/29/2008,4.2,0,7.8,3.3,1612.576
10/30/2008,3.1,0,8.9,2.2,1098.6
10/31/2008,2.6,0,16.1,4.4,1285.832
11/1/2008,2,0,18.9,10,830.498
11/2/2008,3.5,0,10,3.3,910.614
11/3/2008,0.7,0.3,14.4,7.2,847.6
11/4/2008,0.6,0,17.2,9.4,1562.316
11/5/2008,4.1,7.4,17.8,12.2,3134.93
11/6/2008,4.7,3.3,16.7,14.4,1588.438
11/7/2008,1.2,0,17.8,14.4,1619.184
11/8/2008,2.3,7.6,15.6,11.7,1733.138
11/9/2008,3,0,13.3,8.3,2578.538
11/10/2008,3.9,0,10.6,5.6,2091.88
11/11/2008,3.1,0,10.6,2.8,2455.95
11/12/2008,1.5,0,10,4.4,2186.494
11/13/2008,2.3,13.5,14.4,7.2,1238.46
11/14/2008,1.4,2.5,17.8,13.9,1621.738
11/15/2008,2.9,18.8,19.4,14.4,3031.628
11/16/2008,5,3.8,15.6,4.4,2365.432
11/17/2008,2.9,0,8.3,2.2,1523.636
11/18/2008,3.7,0,5,-1.7,1749.05
11/19/2008,3.4,0,2.8,-3.3,1840.238
11/20/2008,2.6,0,3.3,-1.1,1692.336
11/21/2008,3.1,0,3.3,-3.9,1673.93
11/22/2008,4.7,0,0,-5,1711.368
11/23/2008,2.7,0,2.2,-4.4,3405.324
11/24/2008,3.3,4.1,10,0.6,3212.998
11/25/2008,2.7,10.4,8.3,2.2,2702.85
11/26/2008,3,0,7.2,2.2,1515.954
11/27/2008,2.6,0,6.7,1.7,2362.218
11/28/2008,3.3,0,9.4,3.9,1885.964
11/29/2008,2.4,0,7.8,1.7,2434.668
11/30/2008,4.7,18.3,6.1,2.2,2401.388
12/1/2008,3.8,2.8,12.8,6.1,1616.538
12/2/2008,3.1,0,7.2,1.7,1793.444
12/3/2008,2.8,0,5.6,0,1755.164
12/4/2008,3.3,0.8,10,3.9,1738.638
12/5/2008,2.2,0,5,0,2058.618
12/6/2008,2.2,0.5,2.2,-2.2,2523.836
12/7/2008,4.8,0,2.2,-6.7,2466.74
12/8/2008,3.3,0,-1.1,-7.2,1868.636
12/9/2008,3.3,0,14.4,-1.1,2003.144
12/10/2008,3.7,6.9,18.3,6.1,2111.02
12/11/2008,5.3,59.7,6.1,2.8,1432.522
12/12/2008,4,23.6,6.7,0,1815.534
12/13/2008,3.3,0,0,-2.8,1825.574
12/14/2008,2.9,0,9.4,-1.7,2002.12
12/15/2008,3,0.3,19.4,8.9,1795.45
12/16/2008,3.4,7.1,14.4,-1.1,1797.09
12/17/2008,3.1,10.7,5.6,0,2098.786
12/18/2008,1.8,0,5.6,2.2,1736.94
12/19/2008,4.6,23.6,2.8,-1.7,1882.112
12/20/2008,3.9,1,-0.6,-5.6,2242.502
12/21/2008,4.3,14.7,2.8,-3.9,2643.61
12/22/2008,6.2,0,-2.8,-10.6,2015.808
12/23/2008,2.6,0,-0.6,-7.8,1798.088
12/24/2008,3.2,11.7,14.4,-0.6,1269.638
12/25/2008,4.4,3.3,13.9,0.6,1061.118
12/26/2008,2.3,0.5,5,0,1223.732
12/27/2008,2.3,0,8.9,5,2972.164
12/28/2008,4.2,0,18.3,8.3,1570.642
12/29/2008,3.2,0,8.3,2.8,555.278
12/30/2008,4.3,0,6.1,0.6,1195.238
12/31/2008,5.8,1,1.7,-7.8,1964.188
1/1/2009,5,0,-3.3,-9.4,1406.692
1/2/2009,2.8,0,1.1,-5,2327.51
1/3/2009,4.5,0,3.3,-1.7,1913.496
1/4/2009,3.4,0,5.6,-3.9,1939.994
1/5/2009,3.1,0,6.1,3.3,1604
1/6/2009,3,2,3.3,-0.6,1689.862
1/7/2009,4.7,30.2,3.3,-0.6,2080.272
1/8/2009,5.1,0,3.3,-1.7,1633.27
1/9/2009,4.3,0,0,-3.3,1788.702
1/10/2009,3,3.6,-1.1,-5,2102.948
1/11/2009,3.1,4.8,-0.6,-4.4,1975.988
1/12/2009,2.8,0,0.6,-6.1,1589.278
1/13/2009,2.4,0,5,-2.2,2182.6
1/14/2009,3.8,0,2.2,-8.9,1776.282
1/15/2009,3.4,1.3,-5.6,-9.4,1564.068
1/16/2009,4.1,0,-8.9,-12.8,2766.554
1/17/2009,2.5,0,-5.6,-14.4,3317.82
1/18/2009,2.4,4.6,1.7,-5.6,3154.194
1/19/2009,1,4.6,0.6,-3.3,1699.866
1/20/2009,2.7,0,-1.7,-7.2,1738.028
1/21/2009,3.7,0,-3.3,-8.3,1739.434
1/22/2009,3,0,2.8,-6.7,1237.356
1/23/2009,2.2,0,8.3,-0.6,1910.536
1/24/2009,5.1,0,7.8,-8.3,2200.77
1/25/2009,2.8,0,-2.8,-10.6,2843.664
1/26/2009,2.2,0,-1.7,-7.2,1674.472
1/27/2009,1.9,0,-1.7,-3.9,1425.03
1/28/2009,4.3,24.6,5,-4.4,2721.734
1/29/2009,3.8,0,2.2,-3.3,1573.698
1/30/2009,3,0,1.7,-3.3,2059.038
1/31/2009,3.8,0,-2.8,-6.7,3312.852
2/1/2009,3.4,0,11.1,-3.3,1807.46
2/2/2009,2.3,0,11.7,1.1,1603.3
2/3/2009,3.6,8.9,1.1,-3.9,1868.39
2/4/2009,3.4,0,-1.1,-8.3,2460.924
2/5/2009,4.3,0,-5,-11.1,1649.088
2/6/2009,2.4,0,0,-9.4,2048.396
2/7/2009,1.7,0,10,-2.2,3131.536
2/8/2009,4.3,0,14.4,3.3,2182.866
2/9/2009,2.6,0,7.2,0.6,1706.638
2/10/2009,1.7,0,10,1.7,1943.822
2/11/2009,2,0.8,18.3,7.2,2639.39
2/12/2009,6,3,13.9,6.7,1968.66
2/13/2009,5.4,0,6.7,-0.6,1690.022
2/14/2009,2.8,0,5,-2.2,2332.594
2/15/2009,3.2,0,5.6,-2.2,1586.032
2/16/2009,2.4,0,4.4,-2.2,1318.994
2/17/2009,2.2,0,4.4,-4.4,781.698
2/18/2009,2.5,8.1,6.7,0,826.45
2/19/2009,4.1,0,10,-2.8,737.268
2/20/2009,6.1,0,0.6,-5,1880.736
2/21/2009,3.4,0,5.6,-3.3,1316.184
2/22/2009,4,1.8,6.7,-0.6,2238.478
2/23/2009,6,0,1.1,-4.4,2733.656
2/24/2009,4.3,0,2.8,-5.6,1783.144
2/25/2009,1.9,0,5.6,-4.4,1169.844
2/26/2009,2.1,0,10,1.7,1156.852
2/27/2009,3.6,1,16.1,6.1,2028.918
2/28/2009,4.2,0,12.2,-0.6,1630.75
3/1/2009,4.4,3.8,2.2,-2.2,2467.626
3/2/2009,4.9,12.4,-2.2,-8.9,1477.442
3/3/2009,5.2,0,-3.3,-11.1,1848.952
3/4/2009,2.6,0,1.1,-7.8,1842.13
3/5/2009,1.8,0,6.1,-2.2,1441.812
3/6/2009,3.6,0.3,12.8,3.3,1783.474
3/7/2009,2,0,21.1,10.6,1696.466
3/8/2009,3.2,0,17.8,9.4,2357.166
3/9/2009,3.5,2.5,9.4,3.3,1685.556
3/10/2009,2.3,0.3,8.3,2.8,1836.21
3/11/2009,3.3,0,14.4,5,2405.904
3/12/2009,4.1,0,6.7,0,1887.26
3/13/2009,2.8,0,4.4,-2.8,1445.52
3/14/2009,2.2,0,10.6,0,2149.028
3/15/2009,1,0,10.6,5.6,1942.062
3/16/2009,2.8,0,8.3,4.4,1334.732
3/17/2009,2.6,0,12.8,2.2,1931.91
3/18/2009,3.6,0,17.8,5,1450.68
3/19/2009,2,3.3,11.7,5.6,1191.532
3/20/2009,3.4,1,7.8,0.6,1463.906
3/21/2009,3,0,9.4,-0.6,1930.022
3/22/2009,3.8,0,12.2,1.7,1689.17
3/23/2009,3.9,0,6.7,-1.7,1296.45
3/24/2009,3.6,0,10,-2.8,1661.712
3/25/2009,2.5,0,11.1,1.7,1838.774
3/26/2009,2.1,10.2,7.2,5.6,1211.004
3/27/2009,2.1,0,17.2,6.7,1713.926
3/28/2009,3.5,1.3,14.4,6.7,2260.976
3/29/2009,3.4,9.4,11.1,5.6,2216.65
3/30/2009,5.4,0,11.7,5,1477.452
3/31/2009,3.2,0,15.6,3.3,1823.482
4/1/2009,3,9.1,9.4,6.1,1641.14
4/2/2009,2.5,0.3,17.8,6.7,1644.334
4/3/2009,3.7,23.1,16.1,8.9,1363.26
4/4/2009,6.6,0,12.2,8.3,2191.232
4/5/2009,3.4,0,18.3,7.2,1375.716
4/6/2009,2.8,14.2,12.8,7.2,1452.634
4/7/2009,4.3,0,9.4,3.9,1440.092
4/8/2009,2.8,0,8.9,1.7,1534.6
4/9/2009,2.2,0,17.2,5,1890.472
4/10/2009,2.2,0,15,7.2,1842.114
4/11/2009,3.8,14.2,10,5,2462.446
4/12/2009,4.4,0,9.4,2.2,2141.012
4/13/2009,2.9,0,13.9,1.1,1598.624
4/14/2009,4,4.3,11.1,5.6,1501.538
4/15/2009,4.2,5.1,13.9,5.6,1216.062
4/16/2009,3,0,17.8,6.7,1564.524
4/17/2009,1.6,0,21.7,5.6,2042.81
4/18/2009,2.1,0,26.1,12.2,1512.266
4/19/2009,3.6,0,17.2,8.3,1286.468
4/20/2009,5.3,45.5,10,5.6,1486.51
4/21/2009,3,2.3,15,8.9,1894.598
4/22/2009,2.4,1,13.3,8.3,1496.198
4/23/2009,3.8,0,13.9,6.1,1141.46
4/24/2009,1.8,0,22.2,8.3,1194.048
4/25/2009,2,0,31.1,11.1,2022.284
4/26/2009,1.8,0,33.3,19.4,1781.626
4/27/2009,2.7,0,28.9,14.4,1351.628
4/28/2009,4,0,32.2,20.6,1706.386
4/29/2009,3.3,0,20.6,9.4,1664.68
4/30/2009,1.9,0,16.1,8.9,1834.762
5/1/2009,3.1,10.7,21.7,11.7,1512.802
5/2/2009,2.2,2.8,20,12.2,1393.91
5/3/2009,1.4,10.4,15.6,11.1,1608.878
5/4/2009,2,8.9,13.9,10.6,1667.882
5/5/2009,4.1,7.9,12.2,10.6,1731.474
5/6/2009,2.2,29.2,18.3,9.4,1349.902
5/7/2009,1.5,26.9,21.1,10.6,1012.648
5/8/2009,1.3,0,23.3,13.3,1857.156
5/9/2009,2.1,15.7,24.4,14.4,1261.352
5/10/2009,4.5,0,21.1,12.2,1966.552
5/11/2009,2.1,0,18.9,10,1517.176
5/12/2009,1.5,0,20.6,10,1625.956
5/13/2009,2.4,0,19.4,9.4,1246.398
5/14/2009,3.4,1.3,19.4,13.3,1606.984
5/15/2009,1.3,0,24.4,15.6,1422.226
5/16/2009,2.2,4.1,21.7,14.4,2007.378
5/17/2009,2.9,1,18.9,11.1,1543.764
5/18/2009,2.3,0,14.4,9.4,1209.906
5/19/2009,1.9,0,20.6,6.1,1617.344
5/20/2009,2.2,0,27.8,11.1,1307.162
5/21/2009,3,0,30,15.6,1575.15
5/22/2009,2.8,0,28.9,16.7,1074.806
5/23/2009,,0,22.8,15.6,1530.598
5/24/2009,,0,28.3,15.6,1287.786
5/25/2009,,0,27.2,17.2,1354.096
5/26/2009,,0,18.9,11.7,1337.674
5/27/2009,1,0,18.3,11.7,1544.292
5/28/2009,0.1,1.5,16.1,13.3,1179.736
5/29/2009,0.7,10.9,23.3,12.8,1242.846
5/30/2009,,0,25,15.6,1659.106
5/31/2009,,0,27.2,13.9,956.89
6/1/2009,2.3,0,21.7,10,1443.26
6/2/2009,1.8,1.5,26.7,16.1,1090.638
6/3/2009,1.6,12.7,22.2,12.2,1356.578
6/4/2009,1.1,13.7,20,12.8,1035.66
6/5/2009,3.2,23.9,15.6,12.8,1230.36
6/6/2009,1.6,0,24.4,13.9,1475.45
6/7/2009,1.9,0,27.8,17.2,1207.392
6/8/2009,2.6,0.5,23.9,16.7,1178.776
6/9/2009,2.3,46.5,21.7,15.6,1332.85
6/10/2009,2.7,0,19.4,15,1602.996
6/11/2009,2.9,4.1,17.8,15,1300.65
6/12/2009,1.3,15.5,26.7,16.7,1101.732
6/13/2009,1.9,3.3,22.8,16.1,14.218
6/15/2009,1.4,12.7,22.2,13.9,771.908
6/16/2009,2.6,0,21.1,13.3,1508.792
6/17/2009,2.2,0,20,12.8,988.016
6/18/2009,2.8,58.4,17.8,15.6,1165.7
6/19/2009,1.4,0,25,17.2,1086.866
6/20/2009,1.6,7.1,21.7,17.2,1107.1
6/21/2009,2.8,11.4,25.6,17.2,855.142
6/22/2009,3.3,0,23.9,18.3,1094.098
6/23/2009,2.3,0,26.7,18.9,1039.214
6/24/2009,1.2,7.6,24.4,18.3,1534.874
6/25/2009,1.3,0,26.7,17.8,771.362
6/26/2009,,18.5,28.3,17.8,1277.322
6/27/2009,,0.5,27.2,17.2,1709.052
6/28/2009,,0,27.8,17.8,1059.394
6/29/2009,2.4,0,27.2,18.3,1010.134
6/30/2009,1.6,16.8,28.9,18.3,1192.446
7/1/2009,2.3,0,27.2,18.9,1218.342
7/2/2009,1.9,15.2,24.4,18.9,1242.578
7/3/2009,2.2,0,25.6,18.3,864.148
7/4/2009,3.2,0,26.1,18.9,1238.568
7/5/2009,2,0,26.1,16.1,1410.736
7/6/2009,1.7,0,28.3,17.2,954.26
7/7/2009,2.3,3.3,26.1,16.1,1110.136
7/8/2009,2.2,0,25,14.4,1234.4
7/9/2009,3.5,0,22.8,16.1,846.252
7/10/2009,2,0,25.6,15.6,1187.118
7/11/2009,2.5,8.4,25.6,17.2,993.968
7/12/2009,2.2,0.5,27.2,17.8,513.478
7/13/2009,1.4,0,26.1,16.1,496.746
7/14/2009,2.2,0,26.1,16.1,911.43
7/15/2009,1.6,0,27.8,17.2,718.074
7/16/2009,2.2,0,28.9,21.1,599.554
7/17/2009,1.9,5.3,30,20,731.808
7/18/2009,2.9,0.5,28.3,20,966.41
7/19/2009,2.1,0,27.2,17.8,1203.644
7/20/2009,2,0,27.2,19.4,662.486
7/21/2009,2.8,29,21.7,17.8,813.762
7/22/2009,1.3,0,27.8,17.8,739.532
7/23/2009,3.4,9.9,25,17.8,1030
7/24/2009,2.1,0.5,25.6,17.2,561.738
7/25/2009,2.2,0,28.3,18.9,536.688
7/26/2009,2.1,36.1,28.9,19.4,543.016
7/27/2009,1.7,15.2,28.3,20,688.566
7/28/2009,1.3,0,29.4,21.7,902.85
7/29/2009,2.2,38.6,28.3,21.1,902
7/30/2009,2.4,0,29.4,22.2,792.326
7/31/2009,2.1,18,29.4,19.4,975.83
8/1/2009,1.9,0,28.3,18.3,706.966
8/2/2009,2.4,26.7,23.3,19.4,489.724
8/3/2009,1,0,28.9,21.1,500.298
8/4/2009,1.9,0,28.3,20,508.892
8/5/2009,1.8,0,29.4,22.8,518.652
8/6/2009,1.3,0,25,18.9,532.672
8/7/2009,2.2,0,26.1,17.8,539.296
8/8/2009,2.1,0,25.6,17.2,526.472
8/9/2009,1.5,0.3,26.1,21.1,998.234
8/10/2009,2.7,13.2,32.8,20,1069.358
8/11/2009,2.1,0,30.6,24.4,950.954
8/12/2009,2.9,0,26.1,21.7,824.436
8/13/2009,2.6,0.5,22.2,20,606.842
8/14/2009,1.2,0,30,19.4,748.676
8/15/2009,1.4,0,31.1,21.1,1514.062
8/16/2009,1.5,0,32.8,22.8,1217.712
8/17/2009,1.7,0,33.3,23.9,785.908
8/18/2009,2.2,16.3,32.2,20,1080.598
8/19/2009,1.8,0,32.2,21.7,880.742
8/20/2009,1.4,0,31.7,23.9,775.722
8/21/2009,2.2,3.3,31.7,22.2,1161.746
8/22/2009,1.3,18.8,27.2,21.1,1548.738
8/23/2009,0.8,0.5,28.9,22.8,1066.708
8/24/2009,1.4,0,27.8,20.6,1252.254
8/25/2009,1.5,0,28.3,20.6,943.61
8/26/2009,2.5,0.8,29.4,21.1,1136.546
8/27/2009,1.6,0,25.6,19.4,749.466
8/28/2009,2.6,13,22.2,17.8,1118.842
8/29/2009,2.4,14,22.2,19.4,1388.414
8/30/2009,2.4,0,27.2,18.9,1668.342
8/31/2009,2.2,0,22.2,16.7,1265.522
9/1/2009,1.7,0,23.3,13.9,980.536
9/2/2009,1,0,25,13.9,1222.814
9/3/2009,1.6,0,25.6,16.1,1251.188
9/4/2009,1.8,0,28.3,16.7,1024.388
9/5/2009,1.6,0,28.9,20.6,1513.866
9/6/2009,4,0,23.9,17.2,1228.63
9/7/2009,1.8,0,23.3,15.6,1221.458
9/8/2009,0.8,0,23.3,16.7,1086.254
9/9/2009,3.7,0,24.4,17.2,1521.344
9/10/2009,5.6,0,20,15.6,1112.354
9/11/2009,6.1,21.3,18.9,13.3,1214.146
9/12/2009,2.3,0.8,19.4,17.2,2064.358
9/13/2009,1.9,0,26.1,17.8,1570.302
9/14/2009,2.2,0,24.4,16.1,1574.858
9/15/2009,1.8,0,25.6,17.2,1456.806
9/16/2009,4.6,0,21.1,17.2,1743.162
9/17/2009,2.6,0.3,17.2,12.8,1223.426
9/18/2009,2.6,0,23.3,13.3,1374.032
9/19/2009,1.7,0,21.1,11.7,2135.71
9/20/2009,1.6,0,22.8,12.2,2035.328
9/21/2009,1.8,0,23.9,13.9,1417.868
9/22/2009,1.3,0,22.8,17.8,1246.536
9/23/2009,2.5,0,26.7,20.6,1636.61
9/24/2009,2.1,0.8,27.8,18.9,1426.258
9/25/2009,3.3,0,20.6,13.3,1161.016
9/26/2009,2.9,3.6,19.4,12.2,1556.254
9/27/2009,2.1,26.2,20,15,1410.472
9/28/2009,2.9,4.6,22.2,14.4,1299.456
9/29/2009,3.2,0,18.9,12.2,1146.398
9/30/2009,3.5,0,15.6,9.4,1772.736
10/1/2009,2.2,0,12.8,8.3,1287.252
10/2/2009,2.1,1.5,17.8,8.3,1152.668
10/3/2009,1.3,7.4,21.1,17.2,1716.74
10/4/2009,1.9,0,23.3,13.9,1621.106
10/5/2009,3.2,0,19.4,11.7,1275.522
10/6/2009,2,0,18.9,10,1428.448
10/7/2009,4.9,4.1,20.6,13.9,1821.834
10/8/2009,2.6,0,17.2,11.1,1577.166
10/9/2009,1.8,0.8,20.6,15,1351.862
10/10/2009,2.2,0,18.9,10,2012.756
10/11/2009,2.5,0,17.8,7.8,1938.284
10/12/2009,1.2,0,11.7,6.1,1351.604
10/13/2009,2.7,0,17.8,7.8,1449.1
10/14/2009,1.3,0,11.7,5,1711.224
10/15/2009,5.1,15,8.3,2.8,1489.976
10/16/2009,4.1,1.3,7.8,2.8,1516.86
10/17/2009,4.2,0.8,8.9,5.6,2742.08
10/18/2009,4,7.4,7.2,5,1556.164
10/19/2009,1.7,0,12.8,2.8,1369.108
10/20/2009,1.7,0,18.3,7.2,1722.808
10/21/2009,0.5,0,20,11.1,1969.506
10/22/2009,2.8,0,23.3,12.2,1399.71
10/23/2009,4,4.8,17.8,9.4,1757.45
10/24/2009,3,46,18.3,11.7,2614.408
10/25/2009,2.7,0,16.7,10.6,2406.536
10/26/2009,2,0,15.6,7.8,1112.344
10/27/2009,3.1,15.7,12.8,10,1116.756
10/28/2009,3.9,32.8,13.9,10.6,1268.708
10/29/2009,2.4,0,13.9,9.4,1981.44
10/30/2009,2.5,0,15,11.1,1493.358
10/31/2009,3.1,4.3,21.7,12.8,1875.942
11/1/2009,2.6,0.3,14.4,9.4,1843.168
11/2/2009,3.7,0,12.8,7.8,1504.226
11/3/2009,2.1,0,15.6,6.1,2266.688
11/4/2009,2.2,0,11.1,5,1801.8
11/5/2009,2,0,11.7,5.6,1560.466
11/6/2009,3.2,0,10,2.8,1390.45
11/7/2009,2.2,0,11.7,1.7,1557.176
11/8/2009,1.1,0,20.6,8.3,2508.002
11/9/2009,1.8,0,19.4,9.4,1404.752
11/10/2009,2.1,0,18.3,13.3,1606.184
11/11/2009,4.9,0,13.9,8.9,2040.48
11/12/2009,6.4,1.8,10,7.2,1463.066
11/13/2009,7,1,12.8,8.9,1532.926
11/14/2009,3,12.4,13.9,11.1,2560.456
11/15/2009,1.5,0.5,18.9,12.2,1967.308
11/16/2009,2.3,0,15,9.4,1514.468
11/17/2009,3.3,0,12.8,7.8,1708.294
11/18/2009,3.3,0,11.7,5.6,2639.174
11/19/2009,2.8,4.6,15,8.3,1474.848
11/20/2009,3.1,12.7,16.1,8.9,1961.016
11/21/2009,2.1,0,13.9,7.8,2496.856
11/22/2009,3.1,0,12.8,7.2,2450.976
11/23/2009,5,0,10,6.7,1471.122
11/24/2009,3.3,0,14.4,8.9,2128.856
11/25/2009,2.4,0.8,10.6,9.4,1980.13
11/26/2009,2.1,0,13.9,10,1599.626
11/27/2009,4.3,0,10,6.1,1380.026
11/28/2009,5.1,0,10,5.6,1858.95
11/29/2009,2.3,0,15,3.9,1650.962
11/30/2009,3.1,6.9,13.9,4.4,1745.19
12/1/2009,3.2,0,8.3,1.7,1756.378
12/2/2009,2.2,11.4,13.3,5,2345.668
12/3/2009,4.4,18.5,18.9,9.4,1479.688
12/4/2009,2.4,0,11.1,6.7,1711.294
12/5/2009,3.3,16.3,7.2,0.6,2351.762
12/6/2009,3.2,0,3.3,0.6,2378.288
12/7/2009,2,0,3.9,0,1742.638
12/8/2009,3.3,0,6.7,1.1,2006.884
12/9/2009,3.7,37.6,11.7,0.6,1802.356
12/10/2009,5.5,0,7.8,-2.8,2054.286
12/11/2009,5.7,0,-1.7,-6.1,1784.462
12/12/2009,3.4,0,2.8,-3.9,1816.38
12/13/2009,2.7,24.1,11.1,1.1,2138.814
12/14/2009,2.4,0,7.8,4.4,1794.862
12/15/2009,3.1,0,11.1,5.6,1940.116
12/16/2009,4.9,0,5.6,-2.2,1394.874
12/17/2009,5.1,0,-0.6,-6.7,1717.182
12/18/2009,2.4,0,-1.1,-8.9,1744.706
12/19/2009,4.8,15.5,-1.1,-6.1,2204.334
12/20/2009,4.4,3.3,1.1,-6.1,1144.166
12/21/2009,4.8,0,2.2,-2.2,2034.966
12/22/2009,4.1,0,2.2,-5,1888.022
12/23/2009,4.3,0,-1.1,-6.7,1455.2
12/24/2009,2.5,0,3.9,-4.4,2905.894
12/25/2009,4.2,6.1,3.3,0.6,2127.648
12/26/2009,5.5,37.6,12.2,2.8,2183.618
12/27/2009,3.4,8.4,12.8,4.4,2195.452
12/28/2009,4,0,6.1,-1.1,2094.098
12/29/2009,6.4,0,-0.6,-8.9,2047.968
12/30/2009,2.6,0,0,-7.2,2451.11
12/31/2009,1.6,5.8,1.7,-1.7,2211.892
1/1/2010,1.5,0.8,4.4,0.6,1224.252
1/2/2010,5.6,0.5,1.1,-8.3,1308.836
1/3/2010,6.4,0,-5.6,-8.3,2083.454
1/4/2010,4.8,0,-1.1,-7.2,1604.132
1/5/2010,4.4,0,-1.1,-6.7,2219.78
1/6/2010,4.3,0,1.1,-3.3,1777.18
1/7/2010,3.9,0,2.8,-1.1,1769.442
1/8/2010,3.4,1.3,0.6,-5,1797.208
1/9/2010,3.9,0,-1.1,-7.8,2336.9
1/10/2010,3.1,0,-2.2,-10,2508.466
1/11/2010,3.2,0,-0.6,-6.1,1518.684
1/12/2010,4.2,0,1.7,-4.4,1282.538
1/14/2010,1.5,0,5.6,-1.1,618.488
1/15/2010,3.5,0,10,1.7,2196.76
1/16/2010,2.9,0,9.4,3.3,2150.112
1/17/2010,1.7,14.5,7.8,1.7,1906.556
1/18/2010,,1.3,10,2.8,1881.098
1/19/2010,,0,8.9,4.4,2433.508
1/20/2010,2.8,0,5,1.1,2351.728
1/21/2010,1.4,0,5,-0.6,2137.856
1/22/2010,2.9,0,6.7,0,1790.626
1/23/2010,1.4,0,4.4,-2.2,2608.51
1/24/2010,1.1,0.5,10,0,2269.42
1/25/2010,,31.8,13.9,9.4,1930.51
1/26/2010,3.9,0,9.4,1.7,2067.564
1/27/2010,3.1,0,3.9,-0.6,2760.902
1/28/2010,3.8,2.3,5.6,-6.7,2110.234
1/29/2010,5.2,0,-5,-8.9,2092.99
1/30/2010,4,0,-6.7,-10.6,2842.728
1/31/2010,2.8,0,-1.1,-10,1799.196
2/1/2010,3.6,0,1.7,-3.9,1693.778
2/2/2010,1.9,0.8,0.6,-2.8,2157.432
2/3/2010,2.3,1.5,3.9,-1.7,2903.014
2/4/2010,4,0,2.8,-2.2,2316.27
2/5/2010,2.1,0,2.2,-1.7,2098.892
2/6/2010,6.1,0,0.6,-6.7,2712.986
2/7/2010,4.5,0,1.1,-8.3,1625.708
2/8/2010,4.4,0,2.8,-5,2582.238
2/9/2010,2.3,0,5.6,-2.2,2420.932
2/10/2010,5.5,33.8,1.1,-1.1,1944.542
2/11/2010,5.3,0,2.8,-2.2,1369.768
2/12/2010,3.7,0,2.8,-3.3,1892.998
2/13/2010,3.9,0,0,-4.4,2351.556
2/14/2010,4.1,0,3.9,-2.2,1686.698
2/15/2010,3.1,0.3,4.4,-2.8,2097.132
2/16/2010,2.5,10.9,0.6,-1.7,1797.756
2/17/2010,3.6,0,1.7,-3.3,2054.56
2/18/2010,4.5,0,4.4,0,1761.156
2/19/2010,5.1,0,6.1,1.7,1953.572
2/20/2010,3.6,0,6.7,1.7,1983.728
2/21/2010,4.3,0,7.8,0.6,2740.314
2/22/2010,2.7,0.8,7.2,-1.7,1474.036
2/23/2010,6.3,30.5,3.3,1.7,1461.28
2/24/2010,3.5,10.7,5.6,2.2,1914.278
2/25/2010,1.5,50.8,3.3,-2.8,1880.204
2/26/2010,3.1,29.7,0.6,-3.3,2120.156
2/27/2010,2,0.3,3.3,-1.7,1765.056
2/28/2010,1.7,0,4.4,0.6,711.666
3/1/2010,4.4,0,8.9,2.2,1298.728
3/2/2010,2.4,0.3,8.3,2.2,766.906
3/3/2010,4.7,1.8,5,1.1,935.834
3/4/2010,3.5,0,8.3,1.7,682.88
3/5/2010,3.4,0,9.4,1.1,1133.726
3/6/2010,3.2,0,12.2,0,794.712
3/7/2010,3.2,0,13.9,2.8,1372.472
3/8/2010,3.2,0,16.1,5,2557.098
3/9/2010,2,0,16.1,6.7,1760.112
3/10/2010,2.2,0,13.9,6.7,1822.632
3/11/2010,4,0,11.7,5.6,1951.09
3/12/2010,6.2,5.3,6.1,3.9,1645.424
3/13/2010,10.2,98,7.8,3.3,2383.01
3/14/2010,6.1,6.1,10,6.1,1566.714
3/15/2010,5.2,8.4,7.8,5,1791.85
3/16/2010,3.4,0,17.2,5,1542.65
3/17/2010,1.1,0,18.9,6.1,2009.13
3/18/2010,1.5,0,20.6,10,1562.682
3/19/2010,1.5,0,22.2,9.4,1663.384
3/20/2010,2.2,0,23.3,12.2,131.732
3/21/2010,2.9,0,17.8,10.6,917.282
3/22/2010,2.5,34,13.9,10,1618.59
3/23/2010,2.7,2.8,11.7,7.2,1822.162
3/24/2010,5.2,0,15.6,6.1,1994.752
3/25/2010,1.9,0,16.7,8.9,1679.884
3/26/2010,4.7,3.6,11.1,1.1,1651.284
3/27/2010,3.4,0,6.7,-1.7,1847.97
3/28/2010,3.6,8.6,9.4,2.2,1798.214
3/29/2010,2.9,40.1,11.7,8.9,1622.738
3/30/2010,4.8,62.2,10,5,1906.454
3/31/2010,2.6,0.3,13.9,7.2,1923.802
4/1/2010,2.1,0,21.1,8.9,1687.44
4/2/2010,2,0,20,8.9,1648.622
4/3/2010,2.2,0,19.4,8.3,1805.278
4/4/2010,1.2,0,24.4,8.3,1690.388
4/5/2010,2.9,0,23.9,13.3,1118.82
4/6/2010,1.8,0,25.6,14.4,1825.852
4/7/2010,3.1,0,33.3,13.3,1596.982
4/8/2010,2.8,0,26.7,17.8,1649.22
4/9/2010,3.4,7.6,20,6.7,1233.35
4/10/2010,4.4,0,16.7,5.6,1190.208
4/11/2010,3,0,24.4,11.1,1602.81
4/12/2010,2.4,0,19.4,11.1,1439.426
4/13/2010,2.2,0,13.3,8.3,1512.704
4/14/2010,2.3,0,19.4,7.2,1660.364
4/15/2010,3,0,22.8,10,1872.178
4/16/2010,3.3,7.9,13.9,7.8,1562.062
4/17/2010,3,0.3,12.2,7.8,1557.712
4/18/2010,3.2,0,13.9,5.6,1476.106
4/19/2010,3.1,0,17.2,7.8,1708.594
4/20/2010,2.2,0,21.1,8.3,1833.628
4/21/2010,3,0.8,20.6,11.7,1579.914
4/22/2010,2.6,0,22.2,10.6,1460.904
4/23/2010,2.9,0,20,6.7,1180.536
4/24/2010,2.5,0,20,7.8,1518.418
4/25/2010,3.1,40.6,11.1,7.8,1542.742
4/26/2010,3.6,17.5,11.7,8.9,1082.716
4/27/2010,3.3,1.3,14.4,5,1250.94
4/28/2010,4.3,0,13.3,4.4,867.858
4/29/2010,4,0,20.6,7.2,1103.724
4/30/2010,2.3,0,25.6,13.3,1118.628
5/1/2010,1.8,0,29.4,17.8,1320.158
5/2/2010,2.3,0,31.1,18.9,2187.91
5/3/2010,2.2,32.8,26.7,19.4,1411.302
5/4/2010,2.3,0,27.2,16.7,1516.96
5/5/2010,2.3,0,26.7,14.4,1805.308
5/6/2010,3.3,0,25.6,15,1299.25
5/7/2010,2.2,0,22.8,11.1,1644.004
5/8/2010,4.5,1,24.4,9.4,1533.422
5/9/2010,5.1,0,11.1,6.7,1566.51
5/10/2010,3.6,0,16.1,5,1467.892
5/11/2010,1.5,0.8,13.3,6.1,1571.368
5/12/2010,3.1,10.9,8.9,6.7,2035.418
5/13/2010,2.2,0,19.4,6.1,1552.496
5/14/2010,2.9,1,26.7,12.8,1722.146
5/15/2010,3.3,0,22.8,15.6,1944.772
5/16/2010,1.9,0,22.2,12.2,2100.426
5/17/2010,1.3,0,23.3,12.8,1628.182
5/18/2010,4,27.7,16.7,10,1421.184
5/19/2010,1.7,0,17.8,10,1426.752
5/20/2010,1.3,0,26.1,12.8,1153.898
5/21/2010,2.2,0,29.4,16.1,1294.396
5/22/2010,2.8,0,23.3,13.9,2095.772
5/23/2010,3.6,0,21.7,14.4,1487.556
5/24/2010,2.3,0.8,22.8,15.6,1341.332
5/25/2010,1.5,0,27.8,16.1,1198.626
5/26/2010,2,0,33.3,18.3,1387.884
5/27/2010,2.6,1.5,28.3,12.8,1323.342
5/28/2010,1.3,0,21.1,13.3,1398.164
5/29/2010,2.5,0,25,16.1,2049.808
5/30/2010,2.6,0,28.9,19.4,1665.7
5/31/2010,1.7,0,30,20.6,1340.462
6/1/2010,2,0,29.4,18.9,1268.964
6/2/2010,1.5,0,30.6,19.4,980.898
6/3/2010,2.1,0,30.6,19.4,1394.186
6/4/2010,1.7,0,31.1,22.2,1420.554
6/5/2010,3.3,0,31.1,24.4,2009.644
6/6/2010,3.8,0.5,31.7,16.1,1746.792
6/7/2010,3.1,0,23.9,13.9,1012.082
6/8/2010,2.3,0,23.9,14.4,1362.034
6/9/2010,1.9,22.6,20,13.9,1534.682
6/10/2010,1.6,6.4,23.3,14.4,1215.19
6/11/2010,1.9,0,21.7,14.4,1470.672
6/12/2010,2.1,0,26.1,16.1,1973.108
6/13/2010,2.8,7.6,25.6,18.3,1674.356
6/14/2010,1.1,0.3,26.1,17.8,1217.984
6/15/2010,2.4,0,27.2,17.8,1223.966
6/16/2010,2.2,0,23.9,17.8,1768.092
6/17/2010,3.2,11.4,23.3,18.3,1028.018
6/18/2010,1.5,0,30,15.6,1332.316
6/19/2010,2.2,0,27.2,17.8,1416.22
6/20/2010,1.7,0,31.7,21.7,1672.55
6/21/2010,1.7,0,30.6,21.7,1660.89
6/22/2010,1.7,6.9,30.6,21.7,1520.588
6/23/2010,2.7,0,31.7,21.7,1442.064
6/24/2010,2.9,0,33.3,24.4,1095.78
6/25/2010,2.1,0,30.6,21.7,1099.438
6/26/2010,1.6,0,31.7,21.7,981.62
6/27/2010,1.7,0,32.8,21.7,1139.964
6/28/2010,3.1,0.3,33.9,24.4,1471.34
6/29/2010,2.9,0,32.8,21.1,1367.296
6/30/2010,2.6,0,26.1,16.7,1384.136
7/1/2010,2.7,0,25,16.7,1349.002
7/2/2010,2.2,0,27.8,16.1,1140.928
7/3/2010,1.5,0,31.7,18.3,1120.074
7/4/2010,2.4,0,35.6,22.8,1538.088
7/5/2010,1.4,0,37.2,24.4,1113.99
7/6/2010,1.5,0,39.4,27.2,1005.934
7/7/2010,2.1,0,37.8,26.7,834.788
7/8/2010,1.6,0,31.7,25,1212.652
7/9/2010,2.5,0.5,32.2,23.9,1083.478
7/10/2010,1.7,0,28.3,22.8,1154.504
7/11/2010,1.6,0,34.4,21.7,1193.572
7/12/2010,2,0,34.4,22.8,1109.574
7/13/2010,2.2,21.3,28.3,22.8,1382.114
7/14/2010,1.9,11.4,26.1,22.8,1409.472
7/15/2010,2.4,0,30.6,22.2,1633.162
7/16/2010,2.2,0,33.9,23.3,820.056
7/17/2010,2.4,0,34.4,24.4,806.352
7/18/2010,2.5,0,34.4,25.6,812.038
7/19/2010,1.6,3.8,33.3,22.2,801.158
7/20/2010,1.6,0,31.7,23.3,855.824
7/21/2010,1.8,0,33.9,24.4,1064.166
7/22/2010,3,0,32.2,23.3,1164.446
7/23/2010,0.7,17.8,30.6,22.8,1176.158
7/24/2010,2.4,0,36.1,26.7,921.668
7/25/2010,2.5,8.9,33.9,21.1,1130.41
7/26/2010,2.9,0,30.6,20,884.15
7/27/2010,1.9,0,32.8,21.1,952.36
7/28/2010,2.9,0,31.7,23.3,862.654
7/29/2010,2.6,2.3,31.7,23.3,549.104
7/30/2010,2.2,0,29.4,18.9,551.26
7/31/2010,2.2,0,29.4,18.9,554.616
8/1/2010,1.5,0,26.7,21.1,555.664
8/2/2010,2.2,0,29.4,20.6,549.482
8/3/2010,3.1,0,30,22.2,615.212
8/4/2010,2.4,0,32.8,23.9,543.356
8/5/2010,3,0.5,35,25,533.476
8/6/2010,2.2,0,32.2,21.1,524.746
8/7/2010,1.6,0,30.6,20,527.476
8/8/2010,3,0,31.7,22.8,528.46
8/9/2010,2.6,0,34.4,23.3,535.064
8/10/2010,1.5,0,33.3,25.6,544.758
8/11/2010,2.3,0,33.9,24.4,542.002
8/12/2010,2.6,2.3,24.4,20,529.698
8/13/2010,3.3,0,27.8,20,534.294
8/14/2010,2.4,0,27.8,18.3,554.27
8/15/2010,2.1,4.1,25,19.4,1055.986
8/16/2010,1.8,2.8,30,20.6,1129.73
8/17/2010,1.4,0,32.8,23.3,978.202
8/22/2010,2.9,42.9,26.7,20.6,93.338
8/23/2010,3.6,26.7,21.1,18.3,765.658
8/24/2010,4.4,0.5,21.1,17.8,722.948
8/25/2010,1.6,25.4,20.6,17.8,980.408
8/26/2010,2.5,0,27.8,18.3,757.252
8/27/2010,1.8,0,26.1,16.1,2030.65
8/28/2010,1.6,0,28.3,16.7,1442.856
8/29/2010,1.5,0,34.4,19.4,1668.48
8/30/2010,1.6,0,33.3,22.2,1494.802
8/31/2010,1.6,0,35.6,24.4,1365.106
9/1/2010,1.4,0,35.6,24.4,1593.318
9/2/2010,2.7,0,34.4,25.6,1392.492
9/3/2010,2.7,0,29.4,23.9,1346.414
9/4/2010,4.7,0,27.2,17.8,1743.84
9/5/2010,2.3,0,25.6,16.1,1323.018
9/6/2010,1.9,0,26.7,15.6,1422.876
9/7/2010,2.8,0,31.7,20,1451.854
9/8/2010,3.7,0,32.2,18.9,1303.812
9/9/2010,3.1,0,21.1,16.1,1238.714
9/10/2010,2.5,0,23.3,16.1,1328.108
9/11/2010,2.4,0,26.1,15,1463.31
9/12/2010,2.8,3.8,19.4,15,1612.092
9/13/2010,1.5,3.3,25,15,1076.32
9/14/2010,2.2,0,24.4,15.6,1430.678
9/15/2010,2.6,0,22.2,13.9,986.094
9/16/2010,2.4,11.7,22.2,13.9,1339.738
9/17/2010,2,1.3,21.7,15,1497.608
9/18/2010,1.5,0,21.1,14.4,1247.946
9/19/2010,1.2,0,27.2,16.1,919.6
9/20/2010,3,0,23.3,15,1682.832
9/21/2010,2.2,0,23.3,12.2,1111.376
9/22/2010,2.6,3,30.6,17.8,1510.394
9/23/2010,2.2,0,27.2,18.9,1449.862
9/24/2010,1.6,0,29.4,19.4,1327.992
9/25/2010,3.2,0,31.7,19.4,106.006
9/28/2010,,8.4,22.8,21.1,470.426
9/29/2010,1.9,0,25.6,17.2,1684.426
9/30/2010,,27.9,23.9,20.6,1248.278
10/1/2010,,62.5,23.3,15,1504.82
10/2/2010,1.9,0,18.9,11.1,1923.254
10/3/2010,5.1,0.8,17.8,10,1830.684
10/4/2010,4.4,8.6,12.8,11.1,1775.96
10/5/2010,3.5,0,16.1,11.7,1854.624
10/6/2010,2.5,0,17.8,12.2,1315.456
10/7/2010,3.4,0,21.7,11.7,1809.954
10/8/2010,2.8,0,22.8,12.2,1510.456
10/9/2010,2.5,0,22.2,12.2,1611.78
10/10/2010,1.8,0,20.6,7.8,1998.904
10/11/2010,1,28.7,23.9,13.9,1622.59
10/12/2010,1.7,2.3,20.6,12.2,1579.692
10/13/2010,2,0,17.8,8.9,2073.886
10/14/2010,1.5,15.5,17.2,10,2135.122
10/15/2010,5.1,0.5,13.9,9.4,1596.324
10/16/2010,4.7,0,14.4,10,1000.014
10/17/2010,2.3,0,20.6,8.9,1047.382
10/18/2010,2.6,0,15.6,10,2713.884
10/19/2010,1.2,0.8,15,8.3,1925.978
10/20/2010,1.6,0,15,8.3,1727.964
10/21/2010,3.3,0.3,16.7,9.4,1355.198
10/22/2010,3.4,0,11.7,7.8,1668.892
10/23/2010,2.3,0,17.8,6.7,2293.236
10/24/2010,1.5,0,20,11.7,2390.548
10/25/2010,2.1,0,23.3,12.2,1163.292
10/26/2010,2.8,0,22.2,17.2,945.904
10/27/2010,2.6,4.8,23.9,18.3,1260.278
10/28/2010,3.1,0,23.3,13.3,1463.326
10/29/2010,4.3,0,13.9,8.3,1204.422
10/30/2010,3.3,0,13.9,5.6,2152.7
10/31/2010,3.8,0,14.4,5.6,1476.43
11/1/2010,2.6,0,9.4,2.8,1383.18
11/2/2010,1.4,0,10,2.2,1191.082
11/3/2010,1.7,0,12.2,5,1293.298
11/4/2010,3,27.7,10.6,8.3,2555.146
11/5/2010,2.4,1.3,11.1,7.2,1736.088
11/6/2010,2.4,0,10.6,4.4,1805.408
11/7/2010,3.1,0,10.6,2.2,1673.816
11/8/2010,4.6,1,7.2,4.4,1825.54
11/9/2010,3.6,0,12.2,5,2022.098
11/10/2010,3.4,0,13.3,7.8,1946.534
11/11/2010,3,0,13.3,5.6,1773.592
11/12/2010,2.6,0,16.7,7.2,1836.822
11/13/2010,1.4,0,17.8,7.8,2023.174
11/14/2010,1.6,0,16.1,7.8,2038.392
11/15/2010,2.5,0,13.9,10,1747.382
11/16/2010,3,11.4,15,11.1,1509.748
11/17/2010,4.8,5.3,15.6,10.6,1582.032
11/18/2010,3.2,0,12.8,7.2,1652.152
11/19/2010,2.6,0,8.9,4.4,1570.4
11/20/2010,3.4,0,12.8,5,2197.006
11/21/2010,2.7,0,8.9,3.9,900.91
11/22/2010,2.7,0,18.3,7.2,2041.536
11/23/2010,3.1,0,16.1,10,1577.536
11/24/2010,4.3,0,10,5,1796.248
11/25/2010,1.6,1.5,7.8,3.9,1431.164
11/26/2010,3.1,4.1,11.7,3.3,1488.104
